{
    "-1": {
        "precision": 0.8059149722735675,
        "recall": 0.7827648114901257,
        "f1-score": 0.7941712204007286,
        "support": 1671.0
    },
    "0": {
        "precision": 0.860408728784205,
        "recall": 0.960185543100116,
        "f1-score": 0.907563025210084,
        "support": 2587.0
    },
    "1": {
        "precision": 0.9101439101439102,
        "recall": 0.836181876813931,
        "f1-score": 0.8715966386554622,
        "support": 3101.0
    },
    "accuracy": 0.8676450604701725,
    "macro avg": {
        "precision": 0.8588225370672276,
        "recall": 0.8597107438013909,
        "f1-score": 0.8577769614220916,
        "support": 7359.0
    },
    "weighted avg": {
        "precision": 0.8689927388762243,
        "recall": 0.8676450604701725,
        "f1-score": 0.8666594417690845,
        "support": 7359.0
    }
}